{
  "hash": "f1b1a08d",
  "configHash": "8b24661f",
  "lockfileHash": "ebc20697",
  "browserHash": "69c5054c",
  "optimized": {
    "@angular/cdk/bidi": {
      "src": "../../../../../../node_modules/@angular/cdk/fesm2022/bidi.mjs",
      "file": "@angular_cdk_bidi.js",
      "fileHash": "a9e4f4b6",
      "needsInterop": false
    },
    "@angular/common": {
      "src": "../../../../../../node_modules/@angular/common/fesm2022/common.mjs",
      "file": "@angular_common.js",
      "fileHash": "2b265c7b",
      "needsInterop": false
    },
    "@angular/common/http": {
      "src": "../../../../../../node_modules/@angular/common/fesm2022/http.mjs",
      "file": "@angular_common_http.js",
      "fileHash": "1082ec12",
      "needsInterop": false
    },
    "@angular/core": {
      "src": "../../../../../../node_modules/@angular/core/fesm2022/core.mjs",
      "file": "@angular_core.js",
      "fileHash": "771cb782",
      "needsInterop": false
    },
    "@angular/forms": {
      "src": "../../../../../../node_modules/@angular/forms/fesm2022/forms.mjs",
      "file": "@angular_forms.js",
      "fileHash": "ec2bd85d",
      "needsInterop": false
    },
    "@angular/material/icon": {
      "src": "../../../../../../node_modules/@angular/material/fesm2022/icon.mjs",
      "file": "@angular_material_icon.js",
      "fileHash": "883864a6",
      "needsInterop": false
    },
    "@angular/platform-browser": {
      "src": "../../../../../../node_modules/@angular/platform-browser/fesm2022/platform-browser.mjs",
      "file": "@angular_platform-browser.js",
      "fileHash": "8d17ea95",
      "needsInterop": false
    },
    "@angular/platform-browser/animations": {
      "src": "../../../../../../node_modules/@angular/platform-browser/fesm2022/animations.mjs",
      "file": "@angular_platform-browser_animations.js",
      "fileHash": "015d5d59",
      "needsInterop": false
    },
    "@angular/router": {
      "src": "../../../../../../node_modules/@angular/router/fesm2022/router.mjs",
      "file": "@angular_router.js",
      "fileHash": "f3b54ca0",
      "needsInterop": false
    },
    "@fullcalendar/angular": {
      "src": "../../../../../../node_modules/@fullcalendar/angular/fesm2020/fullcalendar-angular.mjs",
      "file": "@fullcalendar_angular.js",
      "fileHash": "dfbc7b46",
      "needsInterop": false
    },
    "@fullcalendar/daygrid": {
      "src": "../../../../../../node_modules/@fullcalendar/daygrid/index.js",
      "file": "@fullcalendar_daygrid.js",
      "fileHash": "169c8b23",
      "needsInterop": false
    },
    "@fullcalendar/interaction": {
      "src": "../../../../../../node_modules/@fullcalendar/interaction/index.js",
      "file": "@fullcalendar_interaction.js",
      "fileHash": "1dcd00f1",
      "needsInterop": false
    },
    "bcryptjs": {
      "src": "../../../../../../node_modules/bcryptjs/index.js",
      "file": "bcryptjs.js",
      "fileHash": "076888ca",
      "needsInterop": false
    },
    "ngx-toastr": {
      "src": "../../../../../../node_modules/ngx-toastr/fesm2022/ngx-toastr.mjs",
      "file": "ngx-toastr.js",
      "fileHash": "5931973b",
      "needsInterop": false
    }
  },
  "chunks": {
    "chunk-MBLOS4L2": {
      "file": "chunk-MBLOS4L2.js"
    },
    "chunk-ZA4USV2I": {
      "file": "chunk-ZA4USV2I.js"
    },
    "chunk-EXD7XE6L": {
      "file": "chunk-EXD7XE6L.js"
    },
    "chunk-XNLVXHTK": {
      "file": "chunk-XNLVXHTK.js"
    },
    "chunk-C36RJ64M": {
      "file": "chunk-C36RJ64M.js"
    },
    "chunk-UZHVG2HN": {
      "file": "chunk-UZHVG2HN.js"
    },
    "chunk-E6HM4ZO7": {
      "file": "chunk-E6HM4ZO7.js"
    },
    "chunk-TXDUYLVM": {
      "file": "chunk-TXDUYLVM.js"
    }
  }
}